{"count":1,"self":5105.7278976,"total":57943.9639683,"children":{"InitializeActuators":{"count":9,"self":0.0010000999999999999,"total":0.0010000999999999999,"children":null},"InitializeSensors":{"count":9,"self":0.00079309999999999992,"total":0.00079309999999999992,"children":null},"AgentSendState":{"count":10803201,"self":79.7111552,"total":644.8654031,"children":{"CollectObservations":{"count":97228809,"self":156.1862912,"total":156.186287,"children":null},"WriteActionMask":{"count":97228809,"self":11.49486,"total":11.49486,"children":null},"RequestDecision":{"count":97228809,"self":73.579743999999991,"total":397.47310289999996,"children":{"AgentInfo.ToProto":{"count":97228809,"self":73.806707199999991,"total":323.893358,"children":{"GenerateSensorData":{"count":97228809,"self":250.08665599999998,"total":250.086648,"children":null}}}}}}},"DecideAction":{"count":10803201,"self":52038.585548799994,"total":52038.587061399994,"children":null},"AgentAct":{"count":10803201,"self":154.0487168,"total":154.7818089,"children":{"AgentInfo.ToProto":{"count":132119,"self":0.16301449999999998,"total":0.7330972,"children":{"GenerateSensorData":{"count":132119,"self":0.57008269999999994,"total":0.57008269999999994,"children":null}}}}}},"gauges":{"Vtol.CumulativeReward":{"count":132119,"max":990.207031,"min":-52.1297035,"runningAverage":311.3154,"value":11.569809,"weightedAverage":214.764572}},"metadata":{"timer_format_version":"0.1.0","start_time_seconds":"1705858112","unity_version":"2021.3.31f1","command_line_arguments":"H:\\Unity\\2021.3.31f1\\Editor\\Unity.exe -projectpath J:\\Projects\\UnityProjects\\RealisticDroneSimulator -useHub -hubIPC -cloudEnvironment production -licensingIpc LicenseClient-zexin Lin -hubSessionId cada324e-c86e-429e-9fa2-f8f742418edc -accessToken cN2oyR3cVfKOKV6Ir2kP52t1HestkYgYBKrX2Uny9o001ef","communication_protocol_version":"1.5.0","com.unity.ml-agents_version":"2.0.1","scene_name":"VTOL","end_time_seconds":"1705916056"}}